,,Wavelength (µm),"Reflectance, P-Pol. (%)","Reflectance, S-Pol. (%)","Reflectance, Unpol. (%)"
,,19.999,95.15286,97.95569,96.55428
,,19.991,95.17599,97.93899,96.55749
,,19.980,95.20636,97.91705,96.56171
,,19.969,95.23623,97.8955,96.56586
Product Raw Data,,19.961,95.2583,97.87959,96.56894
Reflectance of Optics with Protected Silver Coating,,19.950,95.28728,97.85871,96.573
,,19.939,95.31577,97.83821,96.57699
Item #,Ending in -P01,19.931,95.3368,97.82308,96.57994
DISCLAIMER: The data presented here are typical. Slight variations in performance data will occur from lot to lot. Please contact Technical Support with any questions regarding the use or reliability of this data.,,19.921,95.36442,97.80324,96.58383
,,19.910,95.39155,97.78377,96.58766
,,19.899,95.4182,97.76467,96.59143
,,19.891,95.43786,97.75058,96.59422
,,19.880,95.46367,97.73212,96.59789
,,19.869,95.489,97.71401,96.6015
"This data may be used in publications. However, please cite Thorlabs as the source.",,19.861,95.50768,97.70067,96.60418
,,19.850,95.53219,97.68319,96.60769
,,19.839,95.55623,97.66607,96.61115
Additional Information:,,19.831,95.57396,97.65345,96.61371
"The coating's reflectance was measured as a function of polarization at a 12° AOI. For measurements at a 45° AOI, please see the other tab below.",,19.820,95.5972,97.63694,96.61707
,,19.810,95.61998,97.62077,96.62037
,,19.799,95.64231,97.60494,96.62363
,,19.791,95.65877,97.59329,96.62603
,,19.780,95.68032,97.57806,96.62919
,,19.769,95.70143,97.56316,96.63229
,,19.761,95.71698,97.5522,96.63459
,,19.750,95.73732,97.53788,96.6376
,,19.739,95.75724,97.52389,96.64057
,,19.731,95.7719,97.51361,96.64275
,,19.720,95.79107,97.50018,96.64563
,,19.710,95.80982,97.48708,96.64845
,,19.701,95.8236,97.47746,96.65053
,,19.691,95.84162,97.46491,96.65327
,,19.680,95.85923,97.45267,96.65595
,,19.669,95.87643,97.44074,96.65859
,,19.661,95.88907,97.432,96.66053
,,19.650,95.90556,97.42061,96.66308
,,19.639,95.92165,97.40952,96.66559
,,19.631,95.93346,97.4014,96.66743
,,19.620,95.94887,97.39084,96.66985
,,19.610,95.96388,97.38058,96.67223
,,19.601,95.97489,97.37307,96.67398
,,19.591,95.98923,97.36331,96.67627
,,19.580,96.00319,97.35385,96.67852
,,19.569,96.01677,97.34467,96.68072
,,19.561,96.02672,97.33797,96.68235
,,19.550,96.03965,97.32929,96.68447
,,19.539,96.05221,97.32089,96.68655
,,19.531,96.06139,97.31477,96.68808
,,19.520,96.07332,97.30685,96.69009
,,19.509,96.08489,97.29921,96.69205
,,19.501,96.09333,97.29365,96.69349
,,19.490,96.10428,97.28648,96.69538
,,19.480,96.11487,97.27957,96.69722
,,19.471,96.12259,97.27457,96.69858
,,19.461,96.13259,97.26812,96.70035
,,19.450,96.14224,97.26193,96.70208
,,19.439,96.15155,97.25601,96.70378
,,19.431,96.15831,97.25173,96.70502
,,19.420,96.16704,97.24624,96.70664
,,19.409,96.17543,97.24101,96.70822
,,19.401,96.18151,97.23725,96.70938
,,19.390,96.18934,97.23245,96.7109
,,19.379,96.19684,97.2279,96.71237
,,19.371,96.20226,97.22464,96.71345
,,19.360,96.20921,97.22051,96.71486
,,19.350,96.21585,97.21662,96.71623
,,19.341,96.22062,97.21386,96.71724
,,19.331,96.22672,97.21037,96.71855
,,19.320,96.23251,97.20713,96.71982
,,19.312,96.23665,97.20484,96.72075
,,19.301,96.24192,97.20199,96.72195
,,19.290,96.24688,97.19937,96.72313
,,19.279,96.25155,97.19697,96.72426
,,19.271,96.25487,97.19532,96.72509
,,19.260,96.25903,97.19331,96.72617
,,19.249,96.26291,97.19152,96.72721
,,19.241,96.26563,97.19031,96.72797
,,19.230,96.26902,97.1889,96.72896
,,19.220,96.27213,97.18769,96.72991
,,19.211,96.27427,97.18692,96.7306
,,19.201,96.2769,97.18608,96.73149
,,19.190,96.27926,97.18545,96.73235
,,19.182,96.28085,97.18511,96.73298
,,19.171,96.28274,97.18483,96.73379
,,19.160,96.28437,97.18475,96.73456
,,19.149,96.28573,97.18487,96.7353
,,19.141,96.28659,97.18509,96.73584
,,19.130,96.28751,97.18555,96.73653
,,19.119,96.28817,97.18621,96.73719
,,19.111,96.28851,97.18683,96.73767
,,19.100,96.28874,97.18781,96.73827
,,19.090,96.28872,97.18898,96.73885
,,19.081,96.28855,97.18999,96.73927
,,19.071,96.28811,97.19148,96.7398
,,19.060,96.28743,97.19316,96.7403
,,19.052,96.28677,97.19453,96.74065
,,19.041,96.28568,97.19652,96.7411
,,19.030,96.28437,97.19869,96.74153
,,19.022,96.28323,97.20043,96.74183
,,19.011,96.28151,97.2029,96.74221
,,19.000,96.27957,97.20554,96.74256
,,18.989,96.27741,97.20834,96.74288
,,18.981,96.27565,97.21056,96.74311
,,18.970,96.27311,97.21366,96.74338
,,18.959,96.27035,97.21692,96.74364
,,18.951,96.26815,97.21947,96.74381
,,18.940,96.26502,97.22302,96.74402
,,18.930,96.26169,97.22672,96.7442
,,18.921,96.25906,97.2296,96.74433
,,18.911,96.25537,97.23357,96.74447
,,18.900,96.25148,97.2377,96.74459
,,18.892,96.24843,97.24089,96.74466
,,18.881,96.24419,97.24528,96.74474
,,18.870,96.23976,97.24982,96.74479
,,18.862,96.23631,97.25332,96.74482
,,18.851,96.23155,97.25812,96.74483
,,18.840,96.2266,97.26305,96.74483
,,18.832,96.22276,97.26685,96.74481
,,18.821,96.21749,97.27203,96.74476
,,18.810,96.21203,97.27735,96.74469
,,18.799,96.2064,97.28281,96.7446
,,18.791,96.20206,97.28699,96.74452
,,18.780,96.19612,97.29268,96.7444
,,18.770,96.19,97.29851,96.74425
,,18.761,96.1853,97.30296,96.74413
,,18.751,96.17889,97.30901,96.74395
,,18.740,96.17232,97.31519,96.74375
,,18.732,96.16728,97.3199,96.74359
,,18.721,96.16041,97.3263,96.74335
,,18.710,96.15339,97.33281,96.7431
,,18.702,96.14802,97.33778,96.7429
,,18.691,96.14072,97.34451,96.74261
,,18.680,96.13327,97.35135,96.74231
,,18.672,96.12758,97.35656,96.74207
,,18.661,96.11986,97.36361,96.74173
,,18.650,96.11199,97.37077,96.74138
,,18.642,96.106,97.37621,96.74111
,,18.631,96.09788,97.38357,96.74072
,,18.620,96.08961,97.39103,96.74032
,,18.612,96.08332,97.3967,96.74001
,,18.601,96.07482,97.40435,96.73958
,,18.590,96.06617,97.41211,96.73914
,,18.580,96.05739,97.41996,96.73868
,,18.571,96.05072,97.42592,96.73832
,,18.561,96.04171,97.43396,96.73783
,,18.550,96.03257,97.44209,96.73733
,,18.542,96.02563,97.44825,96.73694
,,18.531,96.01627,97.45655,96.73641
,,18.520,96.00679,97.46495,96.73587
,,18.512,95.9996,97.47131,96.73545
,,18.501,95.9899,97.47987,96.73488
,,18.490,95.98009,97.48851,96.7343
,,18.482,95.97265,97.49506,96.73385
,,18.471,95.96264,97.50386,96.73325
,,18.460,95.95251,97.51275,96.73263
,,18.452,95.94484,97.51947,96.73215
,,18.441,95.93452,97.5285,96.73151
,,18.430,95.92409,97.53762,96.73085
,,18.422,95.91619,97.54451,96.73035
,,18.411,95.90558,97.55377,96.72968
,,18.400,95.89487,97.56311,96.72899
,,18.392,95.88676,97.57016,96.72846
,,18.381,95.87587,97.57963,96.72775
,,18.370,95.86488,97.58918,96.72703
,,18.360,95.8538,97.59879,96.7263
,,18.351,95.84543,97.60605,96.72574
,,18.341,95.83418,97.61579,96.72499
,,18.330,95.82284,97.62561,96.72422
,,18.322,95.81428,97.63301,96.72365
,,18.311,95.80279,97.64294,96.72286
,,18.300,95.79121,97.65293,96.72207
,,18.292,95.78247,97.66047,96.72147
,,18.281,95.77075,97.67058,96.72066
,,18.270,95.75895,97.68074,96.71985
,,18.262,95.75004,97.68841,96.71923
,,18.251,95.7381,97.69868,96.71839
,,18.240,95.72608,97.70901,96.71755
,,18.232,95.71702,97.7168,96.71691
,,18.221,95.70487,97.72723,96.71605
,,18.210,95.69265,97.73771,96.71518
,,18.202,95.68344,97.74561,96.71453
,,18.191,95.6711,97.75619,96.71365
,,18.180,95.65869,97.76682,96.71276
,,18.172,95.64934,97.77482,96.71208
,,18.161,95.63682,97.78554,96.71118
,,18.150,95.62424,97.7963,96.71027
,,18.142,95.61476,97.80441,96.70958
,,18.131,95.60207,97.81525,96.70866
,,18.120,95.58932,97.82614,96.70773
,,18.112,95.57972,97.83434,96.70703
,,18.101,95.56687,97.8453,96.70609
,,18.091,95.55397,97.85631,96.70514
,,18.082,95.54426,97.86459,96.70442
,,18.072,95.53127,97.87566,96.70346
,,18.061,95.51822,97.88677,96.7025
,,18.050,95.50513,97.89792,96.70153
,,18.042,95.49529,97.90631,96.7008
,,18.031,95.48211,97.91752,96.69982
,,18.020,95.4689,97.92876,96.69883
,,18.012,95.45896,97.93722,96.69809
,,18.001,95.44567,97.94852,96.6971
,,17.990,95.43234,97.95985,96.6961
,,17.982,95.42232,97.96837,96.69534
,,17.971,95.40892,97.97976,96.69434
,,17.960,95.39549,97.99117,96.69333
,,17.952,95.38539,97.99974,96.69256
,,17.941,95.37189,98.0112,96.69155
,,17.930,95.35837,98.02268,96.69052
,,17.922,95.3482,98.03131,96.68975
,,17.911,95.33462,98.04283,96.68873
,,17.900,95.32102,98.05437,96.68769
,,17.892,95.31079,98.06304,96.68692
,,17.881,95.29714,98.07462,96.68588
,,17.870,95.28346,98.08622,96.68484
,,17.862,95.27318,98.09493,96.68406
,,17.851,95.25946,98.10656,96.68301
,,17.840,95.24572,98.1182,96.68196
,,17.832,95.2354,98.12695,96.68117
,,17.821,95.22162,98.13862,96.68012
,,17.810,95.20783,98.1503,96.67907
,,17.802,95.19747,98.15907,96.67827
,,17.791,95.18365,98.17078,96.67722
,,17.780,95.16982,98.1825,96.67616
,,17.772,95.15943,98.19129,96.67536
,,17.761,95.14557,98.20302,96.6743
,,17.751,95.1317,98.21476,96.67323
,,17.742,95.1213,98.22357,96.67243
,,17.731,95.10741,98.23532,96.67137
,,17.721,95.09352,98.24708,96.6703
,,17.712,95.0831,98.2559,96.6695
,,17.702,95.06919,98.26767,96.66843
,,17.691,95.05529,98.27944,96.66736
,,17.682,95.04485,98.28826,96.66656
,,17.672,95.03094,98.30004,96.66549
,,17.661,95.01703,98.31181,96.66442
,,17.653,95.0066,98.32064,96.66362
,,17.642,94.99268,98.33241,96.66255
,,17.631,94.97877,98.34417,96.66147
,,17.623,94.96834,98.353,96.66067
,,17.612,94.95444,98.36476,96.6596
,,17.601,94.94054,98.37652,96.65853
,,17.593,94.93012,98.38534,96.65773
,,17.582,94.91624,98.39709,96.65666
,,17.571,94.90236,98.40883,96.6556
,,17.563,94.89196,98.41763,96.6548
,,17.552,94.8781,98.42936,96.65373
,,17.541,94.86425,98.44108,96.65266
,,17.533,94.85387,98.44987,96.65187
,,17.522,94.84004,98.46157,96.6508
,,17.511,94.82622,98.47326,96.64974
,,17.500,94.81242,98.48494,96.64868
,,17.492,94.80208,98.4937,96.64789
,,17.481,94.78831,98.50535,96.64683
,,17.470,94.77456,98.517,96.64578
,,17.462,94.76426,98.52572,96.64499
,,17.451,94.75054,98.53734,96.64394
,,17.440,94.73684,98.54894,96.64289
,,17.432,94.72658,98.55763,96.6421
,,17.421,94.71291,98.5692,96.64106
,,17.410,94.69928,98.58076,96.64002
,,17.402,94.68906,98.58941,96.63924
,,17.391,94.67547,98.60093,96.6382
,,17.380,94.6619,98.61243,96.63716
,,17.372,94.65174,98.62104,96.63639
,,17.361,94.63821,98.63251,96.63536
,,17.350,94.62472,98.64395,96.63433
,,17.342,94.61462,98.65252,96.63357
,,17.331,94.60117,98.66392,96.63254
,,17.320,94.58776,98.67529,96.63153
,,17.312,94.57772,98.68381,96.63077
,,17.301,94.56436,98.69515,96.62975
,,17.290,94.55104,98.70645,96.62875
,,17.282,94.54106,98.71492,96.62799
,,17.271,94.5278,98.72618,96.62699
,,17.260,94.51457,98.73741,96.62599
,,17.252,94.50467,98.74582,96.62525
,,17.241,94.4915,98.75701,96.62426
,,17.230,94.47838,98.76816,96.62327
,,17.222,94.46855,98.77651,96.62253
,,17.211,94.45549,98.78761,96.62155
,,17.200,94.44247,98.79868,96.62058
,,17.192,94.43273,98.80697,96.61985
,,17.181,94.41978,98.81798,96.61888
,,17.170,94.40687,98.82896,96.61792
,,17.162,94.39722,98.83718,96.6172
,,17.151,94.38439,98.8481,96.61625
,,17.140,94.3716,98.859,96.6153
,,17.132,94.36203,98.86714,96.61459
,,17.121,94.34932,98.87797,96.61365
,,17.110,94.33666,98.88876,96.61271
,,17.102,94.32719,98.89683,96.61201
,,17.091,94.31461,98.90756,96.61109
,,17.080,94.30207,98.91825,96.61016
,,17.072,94.2927,98.92625,96.60948
,,17.061,94.28025,98.93687,96.60856
,,17.050,94.26785,98.94746,96.60766
,,17.042,94.25859,98.95537,96.60698
,,17.031,94.24628,98.96589,96.60608
,,17.020,94.23402,98.97637,96.60519
,,17.012,94.22486,98.9842,96.60453
,,17.001,94.21269,98.9946,96.60365
,,16.990,94.20057,99.00497,96.60277
,,16.982,94.19152,99.01271,96.60212
,,16.971,94.1795,99.023,96.60125
,,16.960,94.16754,99.03325,96.60039
,,16.952,94.1586,99.0409,96.59975
,,16.941,94.14674,99.05107,96.5989
,,16.930,94.13493,99.0612,96.59806
,,16.922,94.12611,99.06876,96.59744
,,16.911,94.1144,99.07881,96.5966
,,16.900,94.10275,99.08881,96.59578
,,16.892,94.09405,99.09628,96.59517
,,16.881,94.08251,99.1062,96.59435
,,16.873,94.07388,99.11361,96.59375
,,16.862,94.06244,99.12345,96.59295
,,16.851,94.05106,99.13324,96.59215
,,16.843,94.04257,99.14055,96.59156
,,16.832,94.0313,99.15025,96.59078
,,16.821,94.02009,99.15991,96.59
,,16.813,94.01172,99.16712,96.58942
,,16.802,94.00062,99.17669,96.58866
,,16.791,93.98959,99.18621,96.5879
,,16.783,93.98135,99.19332,96.58734
,,16.772,93.97043,99.20275,96.58659
,,16.761,93.95957,99.21213,96.58585
,,16.753,93.95147,99.21914,96.5853
,,16.742,93.94073,99.22843,96.58458
,,16.731,93.93005,99.23767,96.58386
,,16.723,93.92209,99.24456,96.58333
,,16.712,93.91153,99.25371,96.58262
,,16.701,93.90104,99.2628,96.58192
,,16.693,93.89322,99.26959,96.58141
,,16.682,93.88285,99.27859,96.58072
,,16.671,93.87255,99.28754,96.58004
,,16.662,93.86392,99.29504,96.57948
,,16.652,93.85437,99.30335,96.57886
,,16.642,93.84534,99.3112,96.57827
,,16.632,93.83588,99.31943,96.57766
,,16.622,93.82696,99.32721,96.57708
,,16.612,93.81808,99.33495,96.57652
,,16.602,93.80879,99.34305,96.57592
,,16.592,93.80002,99.35071,96.57537
,,16.582,93.79085,99.35873,96.57479
,,16.572,93.78218,99.3663,96.57424
,,16.562,93.77357,99.37384,96.57371
,,16.552,93.76457,99.38172,96.57314
,,16.542,93.75607,99.38917,96.57262
,,16.532,93.74762,99.39658,96.5721
,,16.522,93.73879,99.40433,96.57156
,,16.512,93.73045,99.41165,96.57105
,,16.502,93.72217,99.41893,96.57055
,,16.492,93.71395,99.42617,96.57006
,,16.482,93.70535,99.43374,96.56954
,,16.472,93.69724,99.44088,96.56906
,,16.462,93.68919,99.44799,96.56859
,,16.452,93.68119,99.45504,96.56812
,,16.442,93.67325,99.46206,96.56766
,,16.432,93.66496,99.46939,96.56718
,,16.422,93.65714,99.47632,96.56673
,,16.412,93.64938,99.48319,96.56629
,,16.402,93.64168,99.49002,96.56585
,,16.392,93.63404,99.49681,96.56542
,,16.382,93.62645,99.50355,96.565
,,16.372,93.61893,99.51024,96.56458
,,16.362,93.61147,99.51688,96.56418
,,16.352,93.60407,99.52348,96.56377
,,16.342,93.59672,99.53003,96.56338
,,16.332,93.58906,99.53688,96.56297
,,16.322,93.58185,99.54333,96.56259
,,16.312,93.5747,99.54974,96.56222
,,16.302,93.5676,99.5561,96.56185
,,16.292,93.56094,99.56207,96.56151
,,16.282,93.55398,99.56834,96.56116
,,16.272,93.54707,99.57455,96.56081
,,16.262,93.54023,99.58071,96.56047
,,16.252,93.53345,99.58683,96.56014
,,16.242,93.52674,99.59289,96.55981
,,16.232,93.52009,99.59891,96.5595
,,16.222,93.5135,99.60487,96.55919
,,16.212,93.50698,99.61079,96.55888
,,16.202,93.50053,99.61665,96.55859
,,16.192,93.49447,99.62216,96.55831
,,16.182,93.48814,99.62792,96.55803
,,16.172,93.48188,99.63363,96.55776
,,16.162,93.47569,99.63929,96.55749
,,16.152,93.46956,99.6449,96.55723
,,16.142,93.46382,99.65017,96.55699
,,16.132,93.45782,99.65567,96.55675
,,16.122,93.45189,99.66113,96.55651
,,16.112,93.44603,99.66653,96.55628
,,16.102,93.44054,99.6716,96.55607
,,16.092,93.43481,99.6769,96.55585
,,16.082,93.42915,99.68214,96.55564
,,16.072,93.42355,99.68733,96.55544
,,16.062,93.41832,99.6922,96.55526
,,16.052,93.41286,99.69729,96.55508
,,16.042,93.40775,99.70206,96.55491
,,16.032,93.40243,99.70704,96.55474
,,16.022,93.39718,99.71197,96.55457
,,16.012,93.39227,99.71658,96.55443
,,16.002,93.38715,99.7214,96.55428
,,15.992,93.38211,99.72617,96.55414
,,15.982,93.37739,99.73063,96.55401
,,15.972,93.37248,99.73529,96.55389
,,15.962,93.3679,99.73965,96.55377
,,15.952,93.36313,99.7442,96.55366
,,15.942,93.35868,99.74846,96.55357
,,15.932,93.35405,99.7529,96.55347
,,15.922,93.34973,99.75705,96.55339
,,15.912,93.34524,99.76138,96.55331
,,15.902,93.34105,99.76543,96.55324
,,15.892,93.3367,99.76965,96.55318
,,15.882,93.33265,99.7736,96.55313
,,15.872,93.32844,99.77771,96.55308
,,15.862,93.32453,99.78155,96.55304
,,15.853,93.32067,99.78534,96.55301
,,15.842,93.31668,99.78928,96.55298
,,15.832,93.31296,99.79296,96.55296
,,15.822,93.30911,99.7968,96.55295
,,15.812,93.30553,99.80037,96.55295
,,15.802,93.30201,99.8039,96.55296
,,15.792,93.29838,99.80756,96.55297
,,15.782,93.295,99.81098,96.55299
,,15.772,93.29169,99.81434,96.55302
,,15.762,93.28827,99.81784,96.55305
,,15.752,93.28509,99.82109,96.55309
,,15.742,93.28199,99.8243,96.55314
,,15.733,93.27895,99.82745,96.5532
,,15.722,93.27581,99.83072,96.55327
,,15.712,93.27291,99.83376,96.55334
,,15.702,93.27008,99.83675,96.55342
,,15.693,93.26731,99.83969,96.5535
,,15.682,93.26447,99.84273,96.5536
,,15.672,93.26184,99.84556,96.5537
,,15.662,93.25928,99.84833,96.55381
,,15.652,93.25679,99.85105,96.55392
,,15.643,93.25437,99.85372,96.55405
,,15.633,93.25202,99.85634,96.55418
,,15.622,93.24961,99.85904,96.55432
,,15.612,93.24739,99.86154,96.55447
,,15.602,93.24525,99.86399,96.55462
,,15.592,93.24317,99.86638,96.55478
,,15.582,93.24116,99.86873,96.55494
,,15.573,93.23922,99.87101,96.55512
,,15.563,93.23735,99.87325,96.5553
,,15.553,93.23555,99.87543,96.55549
,,15.543,93.23382,99.87755,96.55568
,,15.533,93.23215,99.87962,96.55589
,,15.523,93.23056,99.88164,96.5561
,,15.513,93.22903,99.8836,96.55632
,,15.503,93.22757,99.88551,96.55654
,,15.493,93.22619,99.88736,96.55677
,,15.483,93.22487,99.88916,96.55701
,,15.473,93.22362,99.8909,96.55726
,,15.463,93.22244,99.89259,96.55752
,,15.453,93.22132,99.89423,96.55778
,,15.443,93.22028,99.89581,96.55805
,,15.433,93.21931,99.89734,96.55832
,,15.423,93.21841,99.89881,96.55861
,,15.413,93.21757,99.90022,96.5589
,,15.402,93.21681,99.90159,96.5592
,,15.392,93.21611,99.90289,96.5595
,,15.382,93.21548,99.90415,96.55981
,,15.373,93.21496,99.90528,96.56012
,,15.363,93.21446,99.90642,96.56044
,,15.353,93.21404,99.90751,96.56078
,,15.343,93.21369,99.90855,96.56112
,,15.332,93.2134,99.90953,96.56147
,,15.322,93.21319,99.91046,96.56182
,,15.313,93.21305,99.91128,96.56217
,,15.303,93.21297,99.9121,96.56254
,,15.293,93.21296,99.91287,96.56291
,,15.282,93.21302,99.91358,96.5633
,,15.273,93.21314,99.9142,96.56367
,,15.263,93.21333,99.9148,96.56407
,,15.253,93.2136,99.91535,96.56447
,,15.242,93.21393,99.91584,96.56489
,,15.233,93.21431,99.91626,96.56528
,,15.223,93.21477,99.91664,96.56571
,,15.213,93.21531,99.91698,96.56614
,,15.202,93.21592,99.91725,96.56658
,,15.193,93.21655,99.91747,96.56701
,,15.183,93.21729,99.91764,96.56746
,,15.172,93.2181,99.91775,96.56793
,,15.163,93.21892,99.91781,96.56837
,,15.153,93.21987,99.91782,96.56884
,,15.143,93.22082,99.91778,96.5693
,,15.133,93.2219,99.91768,96.56979
,,15.123,93.22304,99.91753,96.57029
,,15.113,93.22418,99.91734,96.57076
,,15.103,93.22546,99.91708,96.57127
,,15.093,93.22673,99.91679,96.57176
,,15.083,93.22814,99.91643,96.57228
,,15.072,93.22962,99.91601,96.57282
,,15.063,93.23108,99.91557,96.57332
,,15.053,93.23269,99.91504,96.57387
,,15.043,93.23428,99.9145,96.57439
,,15.033,93.23602,99.91387,96.57495
,,15.023,93.23773,99.91323,96.57548
,,15.013,93.23961,99.9125,96.57605
,,15.003,93.24144,99.91175,96.5766
,,14.993,93.24345,99.91092,96.57718
,,14.983,93.24541,99.91007,96.57774
,,14.973,93.24755,99.90913,96.57834
,,14.963,93.24963,99.90819,96.57891
,,14.953,93.25177,99.9072,96.57949
,,14.943,93.2541,99.90611,96.5801
,,14.933,93.25637,99.90502,96.58069
,,14.923,93.25883,99.90382,96.58132
,,14.913,93.26122,99.90263,96.58193
,,14.903,93.26367,99.9014,96.58253
,,14.893,93.26632,99.90004,96.58318
,,14.883,93.26889,99.89872,96.5838
,,14.873,93.27168,99.89726,96.58447
,,14.863,93.27437,99.89583,96.5851
,,14.853,93.27712,99.89435,96.58574
,,14.843,93.2801,99.89274,96.58642
,,14.833,93.28297,99.89117,96.58707
,,14.823,93.2859,99.88955,96.58773
,,14.813,93.28907,99.88779,96.58843
,,14.803,93.29212,99.88608,96.5891
,,14.793,93.29522,99.88431,96.58977
,,14.783,93.29839,99.88251,96.59045
,,14.773,93.30181,99.88054,96.59117
,,14.763,93.30509,99.87864,96.59187
,,14.753,93.30844,99.87669,96.59256
,,14.743,93.31184,99.87469,96.59327
,,14.733,93.3155,99.87253,96.59402
,,14.723,93.31902,99.87044,96.59473
,,14.713,93.32259,99.8683,96.59545
,,14.703,93.32623,99.86612,96.59618
,,14.693,93.32992,99.8639,96.59691
,,14.683,93.33389,99.86149,96.59769
,,14.673,93.33769,99.85916,96.59843
,,14.663,93.34156,99.8568,96.59918
,,14.653,93.34547,99.85439,96.59993
,,14.643,93.34945,99.85193,96.60069
,,14.633,93.35348,99.84943,96.60145
,,14.623,93.35781,99.84673,96.60227
,,14.613,93.36196,99.84413,96.60304
,,14.603,93.36616,99.84149,96.60382
,,14.593,93.37041,99.83881,96.60461
,,14.583,93.37472,99.83608,96.6054
,,14.573,93.37909,99.83331,96.6062
,,14.563,93.38351,99.83049,96.607
,,14.553,93.38799,99.82763,96.60781
,,14.543,93.39252,99.82473,96.60862
,,14.533,93.3971,99.82178,96.60944
,,14.523,93.40174,99.81878,96.61026
,,14.513,93.40643,99.81575,96.61109
,,14.503,93.41118,99.81267,96.61192
,,14.493,93.41598,99.80955,96.61276
,,14.483,93.42083,99.80638,96.6136
,,14.473,93.42573,99.80317,96.61445
,,14.463,93.43069,99.79992,96.61531
,,14.453,93.4357,99.79662,96.61616
,,14.443,93.44077,99.79329,96.61703
,,14.433,93.44588,99.78991,96.6179
,,14.423,93.45105,99.78649,96.61877
,,14.413,93.45627,99.78302,96.61965
,,14.403,93.46154,99.77952,96.62053
,,14.393,93.46686,99.77597,96.62142
,,14.383,93.47224,99.77238,96.62231
,,14.373,93.47766,99.76875,96.62321
,,14.363,93.48314,99.76508,96.62411
,,14.353,93.48867,99.76136,96.62502
,,14.343,93.49425,99.75761,96.62593
,,14.333,93.49987,99.75381,96.62684
,,14.323,93.50522,99.7502,96.62771
,,14.313,93.51094,99.74633,96.62863
,,14.303,93.51672,99.74241,96.62956
,,14.293,93.52254,99.73846,96.6305
,,14.283,93.52841,99.73446,96.63144
,,14.273,93.53433,99.73042,96.63238
,,14.263,93.53995,99.72659,96.63327
,,14.253,93.54597,99.72248,96.63422
,,14.243,93.55203,99.71832,96.63518
,,14.233,93.55814,99.71413,96.63614
,,14.223,93.5643,99.7099,96.6371
,,14.213,93.57015,99.70589,96.63802
,,14.203,93.5764,99.70158,96.63899
,,14.193,93.5827,99.69723,96.63997
,,14.183,93.58904,99.69285,96.64095
,,14.174,93.59506,99.68869,96.64188
,,14.163,93.6015,99.68423,96.64287
,,14.153,93.60798,99.67974,96.64386
,,14.143,93.61451,99.67521,96.64486
,,14.133,93.62069,99.67091,96.6458
,,14.123,93.62731,99.6663,96.64681
,,14.113,93.63397,99.66166,96.64782
,,14.104,93.64028,99.65726,96.64877
,,14.093,93.64703,99.65254,96.64979
,,14.083,93.65382,99.64779,96.65081
,,14.074,93.66026,99.64329,96.65177
,,14.063,93.66714,99.63847,96.6528
,,14.053,93.67406,99.63361,96.65383
,,14.044,93.68061,99.629,96.65481
,,14.033,93.68762,99.62408,96.65585
,,14.023,93.69467,99.61912,96.65689
,,14.014,93.70134,99.61441,96.65788
,,14.003,93.70847,99.60938,96.65893
,,13.993,93.71565,99.60432,96.65998
,,13.983,93.72244,99.59952,96.66098
,,13.973,93.72969,99.59439,96.66204
,,13.964,93.73656,99.58953,96.66304
,,13.953,93.74389,99.58433,96.66411
,,13.944,93.75083,99.5794,96.66512
,,13.933,93.75824,99.57414,96.66619
,,13.923,93.7657,99.56884,96.66727
,,13.913,93.77275,99.56383,96.66829
,,13.903,93.78028,99.55846,96.66937
,,13.893,93.7874,99.55339,96.67039
,,13.883,93.79501,99.54796,96.67148
,,13.874,93.8022,99.54283,96.67251
,,13.863,93.80988,99.53734,96.67361
,,13.854,93.81715,99.53215,96.67465
,,13.843,93.8249,99.5266,96.67575
,,13.834,93.83223,99.52134,96.67679
,,13.823,93.84006,99.51573,96.6779
,,13.813,93.84746,99.51042,96.67894
,,13.803,93.85536,99.50475,96.68006
,,13.793,93.86283,99.49939,96.68111
,,13.784,93.87033,99.494,96.68216
,,13.773,93.87834,99.48824,96.68329
,,13.764,93.8859,99.48279,96.68435
,,13.753,93.89397,99.47697,96.68547
,,13.744,93.9016,99.47147,96.68654
,,13.733,93.90975,99.4656,96.68767
,,13.723,93.91744,99.46004,96.68874
,,13.714,93.92516,99.45446,96.68981
,,13.703,93.9334,99.44851,96.69095
,,13.694,93.94119,99.44287,96.69203
,,13.684,93.949,99.43722,96.69311
,,13.673,93.95733,99.43118,96.69426
,,13.664,93.96521,99.42547,96.69534
,,13.653,93.97361,99.41938,96.69649
,,13.643,93.98154,99.41362,96.69758
,,13.634,93.9895,99.40784,96.69867
,,13.624,93.99749,99.40203,96.69976
,,13.613,94.00601,99.39584,96.70092
,,13.604,94.01406,99.38998,96.70202
,,13.594,94.02213,99.3841,96.70312
,,13.583,94.03073,99.37783,96.70428
,,13.574,94.03886,99.37191,96.70539
,,13.564,94.04702,99.36596,96.70649
,,13.553,94.05571,99.35962,96.70766
,,13.543,94.06392,99.35362,96.70877
,,13.534,94.07215,99.34761,96.70988
,,13.524,94.08041,99.34157,96.71099
,,13.513,94.08921,99.33513,96.71217
,,13.504,94.09751,99.32905,96.71328
,,13.494,94.10585,99.32295,96.7144
,,13.484,94.1142,99.31683,96.71552
,,13.473,94.12311,99.3103,96.7167
,,13.463,94.13151,99.30414,96.71783
,,13.454,94.13994,99.29795,96.71895
,,13.444,94.14839,99.29175,96.72007
,,13.434,94.15687,99.28552,96.72119
,,13.423,94.16589,99.27889,96.72239
,,13.413,94.17441,99.27262,96.72352
,,13.404,94.18296,99.26634,96.72465
,,13.394,94.19152,99.26003,96.72578
,,13.384,94.2001,99.25371,96.72691
,,13.374,94.20871,99.24737,96.72804
,,13.364,94.21733,99.24102,96.72917
,,13.353,94.22652,99.23424,96.73038
,,13.344,94.23518,99.22785,96.73151
,,13.334,94.24387,99.22143,96.73265
,,13.324,94.25258,99.215,96.73379
,,13.314,94.2613,99.20856,96.73493
,,13.304,94.27004,99.20209,96.73607
,,13.294,94.27881,99.19561,96.73721
,,13.284,94.28759,99.18912,96.73835
,,13.274,94.29639,99.1826,96.73949
,,13.263,94.30575,99.17567,96.74071
,,13.253,94.31459,99.16912,96.74185
,,13.244,94.32344,99.16256,96.743
,,13.234,94.33231,99.15598,96.74414
,,13.224,94.34119,99.14939,96.74529
,,13.214,94.35009,99.14278,96.74644
,,13.204,94.35901,99.13616,96.74759
,,13.194,94.36794,99.12953,96.74874
,,13.184,94.37689,99.12288,96.74988
,,13.174,94.38585,99.11621,96.75103
,,13.164,94.39483,99.10954,96.75218
,,13.154,94.40382,99.10285,96.75334
,,13.144,94.41283,99.09614,96.75449
,,13.134,94.42185,99.08943,96.75564
,,13.124,94.43088,99.0827,96.75679
,,13.114,94.43993,99.07596,96.75794
,,13.104,94.44899,99.0692,96.75909
,,13.094,94.45806,99.06243,96.76025
,,13.084,94.46715,99.05566,96.7614
,,13.074,94.47624,99.04887,96.76255
,,13.064,94.48535,99.04206,96.76371
,,13.054,94.49447,99.03525,96.76486
,,13.044,94.50303,99.02886,96.76594
,,13.034,94.51217,99.02202,96.7671
,,13.024,94.52132,99.01518,96.76825
,,13.014,94.53048,99.00832,96.7694
,,13.004,94.53966,99.00146,96.77056
,,12.994,94.54884,98.99459,96.77171
,,12.984,94.55803,98.9877,96.77287
,,12.974,94.56723,98.98081,96.77402
,,12.964,94.57644,98.97391,96.77517
,,12.954,94.58565,98.967,96.77633
,,12.944,94.5943,98.96051,96.77741
,,12.934,94.60353,98.95359,96.77856
,,12.924,94.61277,98.94665,96.77971
,,12.914,94.62202,98.93971,96.78086
,,12.904,94.63127,98.93276,96.78202
,,12.894,94.64053,98.9258,96.78317
,,12.884,94.64922,98.91927,96.78425
,,12.874,94.65849,98.9123,96.7854
,,12.864,94.66777,98.90532,96.78655
,,12.854,94.67706,98.89833,96.7877
,,12.844,94.68635,98.89134,96.78884
,,12.834,94.69564,98.88435,96.78999
,,12.824,94.70436,98.87778,96.79107
,,12.814,94.71366,98.87077,96.79222
,,12.804,94.72296,98.86376,96.79336
,,12.794,94.73227,98.85674,96.79451
,,12.784,94.741,98.85016,96.79558
,,12.774,94.75032,98.84313,96.79673
,,12.764,94.75964,98.8361,96.79787
,,12.754,94.76896,98.82906,96.79901
,,12.744,94.7777,98.82246,96.80008
,,12.734,94.78702,98.81542,96.80122
,,12.724,94.79635,98.80837,96.80236
,,12.714,94.80568,98.80132,96.8035
,,12.704,94.81442,98.79471,96.80457
,,12.694,94.82375,98.78766,96.8057
,,12.684,94.83308,98.7806,96.80684
,,12.674,94.84183,98.77398,96.8079
,,12.664,94.85116,98.76692,96.80904
,,12.654,94.86049,98.75986,96.81017
,,12.644,94.86981,98.75279,96.8113
,,12.634,94.87856,98.74617,96.81236
,,12.624,94.88788,98.7391,96.81349
,,12.614,94.8972,98.73203,96.81462
,,12.604,94.90594,98.7254,96.81567
,,12.594,94.91526,98.71834,96.8168
,,12.584,94.924,98.71171,96.81785
,,12.574,94.93331,98.70464,96.81897
,,12.564,94.94262,98.69757,96.82009
,,12.554,94.95134,98.69095,96.82114
,,12.544,94.96065,98.68388,96.82226
,,12.534,94.96994,98.67681,96.82338
,,12.524,94.97866,98.67019,96.82442
,,12.514,94.98795,98.66313,96.82554
,,12.504,94.99665,98.65651,96.82658
,,12.494,95.00593,98.64945,96.82769
,,12.484,95.01521,98.64239,96.8288
,,12.474,95.02389,98.63577,96.82983
,,12.464,95.03316,98.62872,96.83094
,,12.454,95.04183,98.62211,96.83197
,,12.444,95.05108,98.61507,96.83308
,,12.435,95.05975,98.60846,96.83411
,,12.424,95.06898,98.60143,96.8352
,,12.414,95.07821,98.59439,96.8363
,,12.404,95.08685,98.5878,96.83733
,,12.394,95.09607,98.58077,96.83842
,,12.384,95.10469,98.57419,96.83944
,,12.374,95.11389,98.56717,96.84053
,,12.364,95.1225,98.56059,96.84155
,,12.354,95.13168,98.55358,96.84263
,,12.344,95.14027,98.54702,96.84365
,,12.334,95.14943,98.54002,96.84473
,,12.324,95.15801,98.53347,96.84574
,,12.314,95.16714,98.52648,96.84681
,,12.304,95.1757,98.51994,96.84782
,,12.294,95.18482,98.51296,96.84889
,,12.284,95.19335,98.50643,96.84989
,,12.274,95.20245,98.49947,96.85096
,,12.264,95.21096,98.49296,96.85196
,,12.254,95.22003,98.48601,96.85302
,,12.244,95.22852,98.47951,96.85402
,,12.235,95.237,98.47301,96.85501
,,12.224,95.24604,98.46609,96.85606
,,12.215,95.25449,98.45961,96.85705
,,12.204,95.2635,98.4527,96.8581
,,12.194,95.27193,98.44624,96.85908
,,12.184,95.28091,98.43935,96.86013
,,12.174,95.28931,98.4329,96.86111
,,12.165,95.29771,98.42646,96.86208
,,12.154,95.30664,98.4196,96.86312
,,12.145,95.31501,98.41318,96.86409
,,12.134,95.32391,98.40634,96.86513
,,12.124,95.33225,98.39993,96.86609
,,12.115,95.34057,98.39354,96.86705
,,12.104,95.34943,98.38673,96.86808
,,12.095,95.35772,98.38035,96.86904
,,12.084,95.36655,98.37357,96.87006
,,12.074,95.37481,98.36721,96.87101
,,12.065,95.38305,98.36087,96.87196
,,12.054,95.39183,98.35412,96.87297
,,12.044,95.40004,98.3478,96.87392
,,12.035,95.40824,98.34149,96.87486
,,12.024,95.41696,98.33477,96.87586
,,12.014,95.42512,98.32848,96.8768
,,12.005,95.43327,98.32221,96.87774
,,11.994,95.44194,98.31552,96.87873
,,11.984,95.45005,98.30927,96.87966
,,11.975,95.45814,98.30304,96.88059
,,11.964,95.46675,98.29639,96.88157
,,11.954,95.4748,98.29018,96.88249
,,11.945,95.48284,98.28398,96.88341
,,11.935,95.49086,98.27779,96.88433
,,11.924,95.49939,98.27121,96.8853
,,11.914,95.50737,98.26505,96.88621
,,11.905,95.51533,98.2589,96.88711
,,11.894,95.5238,98.25236,96.88808
,,11.884,95.53172,98.24624,96.88898
,,11.875,95.53962,98.24014,96.88988
,,11.865,95.54749,98.23405,96.89077
,,11.854,95.55588,98.22757,96.89172
,,11.844,95.56371,98.22151,96.89261
,,11.835,95.57153,98.21546,96.89349
,,11.825,95.57933,98.20943,96.89438
,,11.815,95.5871,98.20341,96.89526
,,11.804,95.59537,98.19701,96.89619
,,11.794,95.6031,98.19103,96.89706
,,11.785,95.61081,98.18506,96.89793
,,11.775,95.61849,98.17911,96.8988
,,11.764,95.62667,98.17277,96.89972
,,11.754,95.63431,98.16685,96.90058
,,11.745,95.64192,98.16095,96.90144
,,11.735,95.64952,98.15506,96.90229
,,11.725,95.65709,98.14919,96.90314
,,11.715,95.66464,98.14334,96.90399
,,11.704,95.67266,98.13712,96.90489
,,11.694,95.68016,98.1313,96.90573
,,11.685,95.68763,98.1255,96.90657
,,11.675,95.69508,98.11971,96.9074
,,11.665,95.70251,98.11395,96.90823
,,11.655,95.70991,98.1082,96.90906
,,11.644,95.71778,98.10209,96.90993
,,11.634,95.72513,98.09638,96.91075
,,11.625,95.73245,98.09069,96.91157
,,11.615,95.73975,98.08502,96.91238
,,11.605,95.74703,98.07936,96.91319
,,11.595,95.75428,98.07373,96.914
,,11.585,95.7615,98.06811,96.9148
,,11.575,95.76869,98.06251,96.9156
,,11.565,95.77586,98.05693,96.9164
,,11.554,95.78348,98.05101,96.91724
,,11.544,95.7906,98.04547,96.91803
,,11.535,95.79768,98.03995,96.91882
,,11.525,95.80474,98.03445,96.9196
,,11.515,95.81178,98.02898,96.92038
,,11.505,95.81878,98.02352,96.92115
,,11.495,95.82576,98.01808,96.92192
,,11.485,95.83271,98.01267,96.92269
,,11.475,95.83963,98.00727,96.92345
,,11.465,95.84652,98.0019,96.92421
,,11.455,95.85339,97.99655,96.92497
,,11.445,95.86022,97.99122,96.92572
,,11.435,95.86703,97.98591,96.92647
,,11.425,95.87381,97.98062,96.92721
,,11.415,95.88056,97.97535,96.92795
,,11.405,95.88728,97.97011,96.92869
,,11.395,95.89397,97.96488,96.92943
,,11.385,95.90063,97.95968,96.93016
,,11.375,95.90726,97.95451,96.93088
,,11.365,95.91386,97.94935,96.9316
,,11.355,95.92043,97.94422,96.93232
,,11.345,95.92697,97.93911,96.93304
,,11.335,95.93348,97.93402,96.93375
,,11.325,95.93995,97.92896,96.93446
,,11.315,95.9464,97.92392,96.93516
,,11.305,95.95282,97.9189,96.93586
,,11.295,95.9592,97.91391,96.93655
,,11.285,95.96555,97.90894,96.93725
,,11.275,95.97187,97.90399,96.93793
,,11.265,95.97816,97.89907,96.93862
,,11.255,95.98442,97.89417,96.9393
,,11.245,95.99065,97.8893,96.93997
,,11.235,95.99684,97.88445,96.94064
,,11.225,96.003,97.87962,96.94131
,,11.215,96.00913,97.87482,96.94198
,,11.205,96.01522,97.87005,96.94264
,,11.195,96.02129,97.8653,96.94329
,,11.185,96.02732,97.86057,96.94395
,,11.175,96.03331,97.85587,96.94459
,,11.165,96.03928,97.8512,96.94524
,,11.155,96.0452,97.84655,96.94588
,,11.145,96.05071,97.84224,96.94647
,,11.135,96.05657,97.83764,96.9471
,,11.125,96.0624,97.83306,96.94773
,,11.115,96.0682,97.82852,96.94836
,,11.105,96.07396,97.82399,96.94898
,,11.095,96.07969,97.8195,96.94959
,,11.085,96.08538,97.81503,96.95021
,,11.075,96.09104,97.81059,96.95081
,,11.065,96.09666,97.80617,96.95142
,,11.055,96.10188,97.80208,96.95198
,,11.045,96.10743,97.79771,96.95257
,,11.035,96.11295,97.79338,96.95317
,,11.025,96.11844,97.78907,96.95375
,,11.015,96.12389,97.78479,96.95434
,,11.005,96.1293,97.78053,96.95492
,,10.995,96.13432,97.77659,96.95545
,,10.985,96.13966,97.77238,96.95602
,,10.975,96.14497,97.76821,96.95659
,,10.965,96.15024,97.76407,96.95715
,,10.955,96.15548,97.75995,96.95771
,,10.945,96.16068,97.75586,96.95827
,,10.935,96.1655,97.75207,96.95878
,,10.925,96.17063,97.74803,96.95933
,,10.915,96.17572,97.74402,96.95987
,,10.905,96.18078,97.74005,96.96041
,,10.895,96.18579,97.7361,96.96094
,,10.885,96.19044,97.73244,96.96144
,,10.875,96.19539,97.72854,96.96197
,,10.865,96.2003,97.72468,96.96249
,,10.855,96.20517,97.72084,96.96301
,,10.845,96.21,97.71703,96.96352
,,10.835,96.21448,97.71351,96.96399
,,10.825,96.21924,97.70976,96.9645
,,10.815,96.22396,97.70604,96.965
,,10.805,96.22865,97.70234,96.9655
,,10.795,96.23299,97.69893,96.96596
,,10.785,96.2376,97.69529,96.96645
,,10.775,96.24217,97.69169,96.96693
,,10.765,96.24671,97.68811,96.96741
,,10.755,96.2509,97.68481,96.96785
,,10.745,96.25536,97.68129,96.96833
,,10.735,96.25979,97.6778,96.96879
,,10.725,96.26388,97.67458,96.96923
,,10.715,96.26822,97.67115,96.96969
,,10.705,96.27253,97.66775,96.97014
,,10.695,96.2768,97.66439,96.97059
,,10.685,96.28075,97.66127,96.97101
,,10.675,96.28494,97.65797,96.97145
,,10.665,96.28909,97.65469,96.97189
,,10.655,96.29293,97.65166,96.9723
,,10.645,96.29701,97.64844,96.97273
,,10.635,96.30105,97.64526,96.97315
,,10.626,96.30478,97.64231,96.97355
,,10.615,96.30874,97.63919,96.97397
,,10.605,96.31266,97.6361,96.97438
,,10.595,96.31655,97.63303,96.97479
,,10.585,96.32013,97.6302,96.97517
,,10.575,96.32394,97.6272,96.97557
,,10.566,96.32745,97.62443,96.97594
,,10.555,96.33118,97.62149,96.97633
,,10.545,96.33486,97.61858,96.97672
,,10.536,96.33827,97.6159,96.97708
,,10.525,96.34187,97.61305,96.97746
,,10.515,96.34544,97.61024,96.97784
,,10.506,96.34874,97.60764,96.97819
,,10.495,96.35223,97.60488,96.97855
,,10.485,96.35568,97.60216,96.97892
,,10.475,96.35886,97.59965,96.97926
,,10.465,96.36223,97.59699,96.97961
,,10.456,96.36534,97.59454,96.97994
,,10.445,96.36863,97.59195,96.98029
,,10.435,96.37188,97.58938,96.98063
,,10.426,96.37488,97.58702,96.98095
,,10.415,96.37805,97.58452,96.98128
,,10.406,96.38097,97.58222,96.98159
,,10.395,96.38407,97.57978,96.98192
,,10.385,96.38712,97.57737,96.98224
,,10.375,96.38993,97.57516,96.98254
,,10.365,96.3929,97.57282,96.98286
,,10.356,96.39564,97.57066,96.98315
,,10.345,96.39853,97.56838,96.98346
,,10.336,96.40119,97.56629,96.98374
,,10.325,96.404,97.56407,96.98404
,,10.315,96.40678,97.56189,96.98433
,,10.306,96.40932,97.55989,96.98461
,,10.295,96.41202,97.55777,96.98489
,,10.286,96.41449,97.55583,96.98516
,,10.275,96.4171,97.55377,96.98544
,,10.266,96.4195,97.55189,96.98569
,,10.255,96.42203,97.5499,96.98597
,,10.246,96.42436,97.54807,96.98622
,,10.235,96.42681,97.54615,96.98648
,,10.226,96.42906,97.54439,96.98672
,,10.215,96.43143,97.54253,96.98698
,,10.206,96.4336,97.54082,96.98721
,,10.195,96.43589,97.53903,96.98746
,,10.185,96.43814,97.53727,96.9877
,,10.175,96.4402,97.53565,96.98793
,,10.165,96.44237,97.53396,96.98817
,,10.155,96.44436,97.53241,96.98838
,,10.145,96.44645,97.53078,96.98861
,,10.135,96.44836,97.52928,96.98882
,,10.126,96.45023,97.52782,96.98903
,,10.115,96.4522,97.52629,96.98924
,,10.106,96.454,97.52489,96.98944
,,10.095,96.45589,97.52342,96.98965
,,10.086,96.45761,97.52208,96.98984
,,10.075,96.45942,97.52067,96.99005
,,10.066,96.46107,97.51939,96.99023
,,10.055,96.4628,97.51806,96.99043
,,10.046,96.46437,97.51684,96.9906
,,10.035,96.46602,97.51556,96.99079
,,10.026,96.46752,97.51441,96.99096
,,10.015,96.46908,97.5132,96.99114
,,10.006,96.47051,97.5121,96.99131
,,9.996,96.4719,97.51104,96.99147
,,9.985,96.47334,97.50993,96.99164
,,9.976,96.47466,97.50892,96.99179
,,9.965,96.47603,97.50788,96.99195
,,9.956,96.47726,97.50693,96.9921
,,9.945,96.47855,97.50595,96.99225
,,9.936,96.47972,97.50507,96.99239
,,9.926,96.48084,97.50422,96.99253
,,9.915,96.48201,97.50334,96.99267
,,9.906,96.48307,97.50254,96.99281
,,9.895,96.48416,97.50173,96.99294
,,9.886,96.48514,97.501,96.99307
,,9.876,96.48608,97.5003,96.99319
,,9.865,96.48705,97.49958,96.99331
,,9.856,96.48792,97.49894,96.99343
,,9.845,96.48881,97.49828,96.99355
,,9.836,96.48961,97.4977,96.99365
,,9.826,96.49037,97.49715,96.99376
,,9.815,96.49114,97.4966,96.99387
,,9.806,96.49183,97.49611,96.99397
,,9.796,96.49248,97.49565,96.99406
,,9.786,96.49313,97.49519,96.99416
,,9.776,96.49371,97.49479,96.99425
,,9.766,96.49425,97.49442,96.99434
,,9.756,96.49479,97.49406,96.99442
,,9.746,96.49526,97.49375,96.9945
,,9.735,96.49572,97.49345,96.99459
,,9.726,96.49612,97.4932,96.99466
,,9.716,96.49648,97.49298,96.99473
,,9.705,96.49683,97.49278,96.9948
,,9.696,96.49711,97.49262,96.99487
,,9.686,96.49737,97.49249,96.99493
,,9.675,96.4976,97.49239,96.99499
,,9.666,96.49778,97.49232,96.99505
,,9.656,96.49793,97.49228,96.9951
,,9.646,96.49804,97.49227,96.99515
,,9.636,96.49812,97.49229,96.9952
,,9.626,96.49816,97.49234,96.99525
,,9.616,96.49816,97.49242,96.99529
,,9.606,96.49813,97.49254,96.99533
,,9.596,96.49806,97.49268,96.99537
,,9.586,96.49796,97.49284,96.9954
,,9.575,96.49781,97.49305,96.99543
,,9.566,96.49764,97.49328,96.99546
,,9.556,96.49744,97.49354,96.99549
,,9.546,96.4972,97.49382,96.99551
,,9.536,96.4969,97.49416,96.99553
,,9.526,96.49659,97.4945,96.99555
,,9.516,96.49625,97.49488,96.99556
,,9.506,96.49587,97.49528,96.99557
,,9.496,96.49543,97.49574,96.99558
,,9.486,96.49498,97.4962,96.99559
,,9.476,96.4945,97.49669,96.9956
,,9.466,96.49395,97.49724,96.9956
,,9.456,96.4934,97.49779,96.9956
,,9.446,96.49282,97.49836,96.99559
,,9.436,96.4922,97.49897,96.99559
,,9.426,96.49156,97.4996,96.99558
,,9.416,96.49083,97.50031,96.99557
,,9.406,96.49011,97.501,96.99555
,,9.396,96.48936,97.50172,96.99554
,,9.386,96.48858,97.50246,96.99552
,,9.376,96.48771,97.50329,96.9955
,,9.366,96.48686,97.50409,96.99548
,,9.356,96.48598,97.50492,96.99545
,,9.346,96.48506,97.50578,96.99542
,,9.336,96.48412,97.50667,96.99539
,,9.326,96.48307,97.50765,96.99536
,,9.316,96.48206,97.50859,96.99533
,,9.306,96.48102,97.50956,96.99529
,,9.296,96.47994,97.51056,96.99525
,,9.286,96.47884,97.51159,96.99521
,,9.276,96.47762,97.51271,96.99517
,,9.266,96.47644,97.5138,96.99512
,,9.256,96.47524,97.5149,96.99507
,,9.246,96.47401,97.51604,96.99502
,,9.236,96.47275,97.5172,96.99497
,,9.226,96.47136,97.51848,96.99492
,,9.216,96.47003,97.5197,96.99486
,,9.206,96.46867,97.52094,96.99481
,,9.196,96.46728,97.52221,96.99475
,,9.186,96.46586,97.52351,96.99469
,,9.176,96.46442,97.52483,96.99462
,,9.166,96.46283,97.52628,96.99455
,,9.156,96.46132,97.52766,96.99449
,,9.146,96.45978,97.52906,96.99442
,,9.136,96.45821,97.53049,96.99435
,,9.126,96.45661,97.53195,96.99428
,,9.116,96.45498,97.53343,96.99421
,,9.106,96.45332,97.53494,96.99413
,,9.096,96.45151,97.53659,96.99405
,,9.086,96.44979,97.53815,96.99397
,,9.076,96.44804,97.53974,96.99389
,,9.066,96.44627,97.54135,96.99381
,,9.056,96.44446,97.54299,96.99372
,,9.046,96.44263,97.54465,96.99364
,,9.036,96.44077,97.54634,96.99355
,,9.026,96.43888,97.54805,96.99347
,,9.016,96.43696,97.54979,96.99338
,,9.006,96.43488,97.55168,96.99328
,,8.996,96.4329,97.55347,96.99319
,,8.986,96.4309,97.55529,96.99309
,,8.976,96.42887,97.55713,96.993
,,8.966,96.42681,97.55899,96.9929
,,8.956,96.42473,97.56088,96.9928
,,8.946,96.42262,97.56279,96.99271
,,8.936,96.42048,97.56473,96.99261
,,8.926,96.41831,97.56669,96.9925
,,8.916,96.41612,97.56868,96.9924
,,8.906,96.41391,97.57069,96.9923
,,8.897,96.41166,97.57272,96.99219
,,8.886,96.40923,97.57492,96.99208
,,8.876,96.40694,97.57701,96.99197
,,8.866,96.40461,97.57911,96.99186
,,8.856,96.40227,97.58124,96.99175
,,8.846,96.39989,97.58339,96.99164
,,8.836,96.39749,97.58557,96.99153
,,8.826,96.39507,97.58776,96.99142
,,8.816,96.39262,97.58999,96.9913
,,8.806,96.39015,97.59223,96.99119
,,8.796,96.38765,97.59449,96.99107
,,8.786,96.38513,97.59678,96.99096
,,8.776,96.38259,97.59909,96.99084
,,8.766,96.38002,97.60143,96.99072
,,8.756,96.37743,97.60378,96.99061
,,8.746,96.37481,97.60616,96.99049
,,8.736,96.37217,97.60856,96.99037
,,8.726,96.36951,97.61098,96.99025
,,8.716,96.36682,97.61343,96.99012
,,8.706,96.36411,97.61589,96.99
,,8.696,96.36138,97.61838,96.98988
,,8.686,96.35863,97.62088,96.98976
,,8.676,96.35585,97.62341,96.98963
,,8.667,96.35306,97.62596,96.98951
,,8.657,96.35024,97.62853,96.98938
,,8.647,96.34739,97.63112,96.98926
,,8.637,96.34453,97.63373,96.98913
,,8.627,96.34165,97.63637,96.98901
,,8.617,96.33874,97.63902,96.98888
,,8.606,96.33581,97.64169,96.98875
,,8.596,96.33287,97.64439,96.98863
,,8.586,96.3299,97.6471,96.9885
,,8.576,96.32691,97.64983,96.98837
,,8.566,96.3239,97.65258,96.98824
,,8.556,96.32088,97.65536,96.98812
,,8.546,96.31783,97.65815,96.98799
,,8.536,96.31476,97.66096,96.98786
,,8.526,96.31167,97.66379,96.98773
,,8.516,96.30857,97.66664,96.9876
,,8.506,96.30544,97.6695,96.98747
,,8.496,96.3023,97.67239,96.98734
,,8.486,96.29914,97.6753,96.98722
,,8.476,96.29596,97.67822,96.98709
,,8.466,96.29276,97.68116,96.98696
,,8.456,96.28954,97.68412,96.98683
,,8.446,96.28631,97.6871,96.9867
,,8.436,96.28306,97.69009,96.98657
,,8.427,96.28002,97.69289,96.98646
,,8.417,96.27674,97.69592,96.98633
,,8.407,96.27344,97.69897,96.9862
,,8.397,96.27012,97.70203,96.98607
,,8.387,96.26678,97.70511,96.98595
,,8.377,96.26343,97.70821,96.98582
,,8.366,96.26007,97.71132,96.98569
,,8.356,96.25668,97.71445,96.98557
,,8.346,96.25329,97.7176,96.98544
,,8.336,96.24987,97.72077,96.98532
,,8.326,96.24644,97.72395,96.98519
,,8.316,96.243,97.72714,96.98507
,,8.307,96.23979,97.73012,96.98496
,,8.297,96.23632,97.73335,96.98483
,,8.287,96.23283,97.73659,96.98471
,,8.277,96.22933,97.73985,96.98459
,,8.267,96.22582,97.74312,96.98447
,,8.256,96.22229,97.74641,96.98435
,,8.246,96.21875,97.74971,96.98423
,,8.236,96.2152,97.75302,96.98411
,,8.226,96.21163,97.75636,96.98399
,,8.217,96.20831,97.75946,96.98389
,,8.207,96.20472,97.76282,96.98377
,,8.197,96.20112,97.76619,96.98366
,,8.187,96.1975,97.76958,96.98354
,,8.177,96.19388,97.77298,96.98343
,,8.166,96.19024,97.77639,96.98332
,,8.156,96.18659,97.77982,96.9832
,,8.147,96.18319,97.78301,96.9831
,,8.137,96.17952,97.78646,96.98299
,,8.127,96.17584,97.78993,96.98289
,,8.117,96.17215,97.79341,96.98278
,,8.107,96.16845,97.7969,96.98267
,,8.096,96.16474,97.8004,96.98257
,,8.086,96.16102,97.80391,96.98247
,,8.077,96.15756,97.80719,96.98237
,,8.067,96.15382,97.81072,96.98227
,,8.057,96.15007,97.81427,96.98217
,,8.047,96.14632,97.81783,96.98207
,,8.036,96.14255,97.8214,96.98198
,,8.026,96.13878,97.82498,96.98188
,,8.017,96.13527,97.82832,96.9818
,,8.007,96.13148,97.83192,96.9817
,,7.997,96.12769,97.83554,96.98161
,,7.987,96.12389,97.83916,96.98152
,,7.976,96.12008,97.84279,96.98144
,,7.967,96.11654,97.84618,96.98136
,,7.957,96.11272,97.84983,96.98127
,,7.947,96.10889,97.85349,96.98119
,,7.937,96.10506,97.85716,96.98111
,,7.927,96.10122,97.86084,96.98103
,,7.916,96.09737,97.86453,96.98095
,,7.907,96.0938,97.86797,96.98088
,,7.897,96.08994,97.87167,96.98081
,,7.887,96.08609,97.87539,96.98074
,,7.877,96.08222,97.87911,96.98067
,,7.867,96.07863,97.88258,96.9806
,,7.857,96.07476,97.88632,96.98054
,,7.847,96.07089,97.89006,96.98047
,,7.837,96.06701,97.89382,96.98041
,,7.826,96.06313,97.89758,96.98035
,,7.817,96.05952,97.90108,96.9803
,,7.807,96.05563,97.90485,96.98024
,,7.797,96.05174,97.90863,96.98019
,,7.787,96.04785,97.91242,96.98014
,,7.777,96.04424,97.91594,96.98009
,,7.767,96.04034,97.91975,96.98004
,,7.757,96.03645,97.92355,96.98
,,7.747,96.03255,97.92736,96.97996
,,7.737,96.02893,97.93091,96.97992
,,7.727,96.02503,97.93473,96.97988
,,7.717,96.02113,97.93856,96.97984
,,7.707,96.01723,97.94239,96.97981
,,7.697,96.01361,97.94595,96.97978
,,7.687,96.00971,97.9498,96.97975
,,7.677,96.00581,97.95364,96.97973
,,7.667,96.00192,97.95749,96.9797
,,7.657,95.9983,97.96107,96.97969
,,7.647,95.9944,97.96493,96.97967
,,7.637,95.99051,97.96879,96.97965
,,7.627,95.98662,97.97266,96.97964
,,7.617,95.98301,97.97625,96.97963
,,7.607,95.97912,97.98012,96.97962
,,7.597,95.97524,97.98399,96.97962
,,7.587,95.97163,97.98759,96.97961
,,7.577,95.96776,97.99147,96.97961
,,7.567,95.96388,97.99535,96.97962
,,7.557,95.96001,97.99923,96.97962
,,7.547,95.95642,98.00284,96.97963
,,7.537,95.95256,98.00673,96.97964
,,7.527,95.9487,98.01061,96.97966
,,7.517,95.94512,98.01423,96.97968
,,7.507,95.94128,98.01812,96.9797
,,7.497,95.93743,98.02201,96.97972
,,7.487,95.93387,98.02562,96.97974
,,7.477,95.93004,98.02951,96.97977
,,7.467,95.92621,98.0334,96.97981
,,7.457,95.92239,98.03729,96.97984
,,7.447,95.91885,98.04091,96.97988
,,7.437,95.91505,98.0448,96.97992
,,7.427,95.91125,98.04869,96.97997
,,7.417,95.90773,98.0523,96.98001
,,7.407,95.90394,98.05619,96.98006
,,7.397,95.90017,98.06007,96.98012
,,7.387,95.89667,98.06368,96.98017
,,7.377,95.89291,98.06757,96.98024
,,7.367,95.88916,98.07145,96.9803
,,7.357,95.88568,98.07505,96.98037
,,7.347,95.88195,98.07893,96.98044
,,7.337,95.87822,98.0828,96.98051
,,7.327,95.87477,98.0864,96.98059
,,7.317,95.87107,98.09027,96.98067
,,7.307,95.86737,98.09414,96.98075
,,7.297,95.86395,98.09772,96.98084
,,7.287,95.86028,98.10158,96.98093
,,7.277,95.85662,98.10544,96.98103
,,7.267,95.85322,98.10902,96.98112
,,7.257,95.84958,98.11287,96.98122
,,7.247,95.84621,98.11644,96.98132
,,7.237,95.8426,98.12028,96.98144
,,7.227,95.83899,98.12411,96.98155
,,7.217,95.83566,98.12767,96.98166
,,7.207,95.83208,98.13149,96.98178
,,7.197,95.82851,98.13531,96.98191
,,7.187,95.82521,98.13885,96.98203
,,7.177,95.82167,98.14266,96.98216
,,7.167,95.81839,98.14619,96.98229
,,7.157,95.81488,98.14999,96.98243
,,7.147,95.81138,98.15378,96.98258
,,7.137,95.80814,98.15729,96.98272
,,7.127,95.80467,98.16107,96.98287
,,7.117,95.80122,98.16484,96.98303
,,7.107,95.79802,98.16834,96.98318
,,7.097,95.7946,98.17209,96.98335
,,7.087,95.79143,98.17557,96.9835
,,7.077,95.78804,98.17931,96.98368
,,7.067,95.78466,98.18304,96.98385
,,7.057,95.78154,98.1865,96.98402
,,7.047,95.7782,98.19022,96.98421
,,7.037,95.77511,98.19366,96.98438
,,7.027,95.7718,98.19736,96.98458
,,7.017,95.7685,98.20105,96.98478
,,7.007,95.76546,98.20447,96.98497
,,6.997,95.7622,98.20814,96.98517
,,6.987,95.7592,98.21154,96.98537
,,6.977,95.75597,98.21519,96.98558
,,6.968,95.753,98.21858,96.98579
,,6.957,95.74982,98.22221,96.98601
,,6.947,95.74665,98.22583,96.98624
,,6.937,95.74373,98.22918,96.98646
,,6.927,95.7406,98.23278,96.98669
,,6.917,95.73772,98.23612,96.98692
,,6.907,95.73463,98.2397,96.98716
,,6.898,95.73178,98.24301,96.9874
,,6.887,95.72874,98.24657,96.98765
,,6.877,95.72571,98.25011,96.98791
,,6.867,95.72292,98.25339,96.98816
,,6.857,95.71994,98.25691,96.98842
,,6.847,95.71719,98.26017,96.98868
,,6.837,95.71425,98.26366,96.98895
,,6.828,95.71154,98.2669,96.98922
,,6.817,95.70864,98.27037,96.9895
,,6.808,95.70597,98.27358,96.98977
,,6.797,95.70312,98.27702,96.99007
,,6.788,95.70049,98.28021,96.99035
,,6.777,95.69768,98.28362,96.99065
,,6.767,95.6949,98.28702,96.99096
,,6.757,95.69234,98.29017,96.99125
,,6.747,95.6896,98.29354,96.99157
,,6.737,95.68708,98.29666,96.99187
,,6.727,95.68439,98.30001,96.9922
,,6.717,95.68192,98.3031,96.99251
,,6.707,95.67928,98.30642,96.99285
,,6.698,95.67685,98.30948,96.99317
,,6.687,95.67426,98.31277,96.99351
,,6.678,95.67188,98.3158,96.99384
,,6.667,95.66934,98.31905,96.9942
,,6.658,95.66701,98.32206,96.99453
,,6.647,95.66452,98.32528,96.9949
,,6.638,95.66223,98.32826,96.99525
,,6.627,95.6598,98.33145,96.99562
,,6.618,95.65756,98.33439,96.99598
,,6.607,95.65518,98.33755,96.99636
,,6.598,95.65299,98.34046,96.99673
,,6.587,95.65066,98.34358,96.99712
,,6.578,95.64853,98.34646,96.99749
,,6.567,95.64625,98.34955,96.9979
,,6.558,95.64417,98.35239,96.99828
,,6.547,95.64195,98.35544,96.9987
,,6.538,95.63991,98.35826,96.99909
,,6.527,95.63775,98.36127,96.99951
,,6.518,95.63577,98.36405,96.99991
,,6.507,95.63367,98.36703,97.00035
,,6.498,95.63174,98.36977,97.00075
,,6.487,95.62969,98.37271,97.0012
,,6.478,95.62782,98.37542,97.00162
,,6.467,95.62583,98.37832,97.00207
,,6.458,95.62401,98.38099,97.0025
,,6.447,95.62208,98.38385,97.00297
,,6.438,95.62032,98.38649,97.0034
,,6.427,95.61845,98.3893,97.00388
,,6.418,95.61675,98.3919,97.00433
,,6.408,95.61507,98.39448,97.00478
,,6.397,95.61329,98.39724,97.00527
,,6.388,95.61167,98.39978,97.00573
,,6.377,95.60996,98.4025,97.00623
,,6.368,95.60839,98.405,97.0067
,,6.357,95.60674,98.40767,97.00721
,,6.348,95.60524,98.41014,97.00769
,,6.337,95.60365,98.41276,97.00821
,,6.328,95.60221,98.41519,97.0087
,,6.317,95.60068,98.41777,97.00923
,,6.308,95.5993,98.42015,97.00972
,,6.298,95.59794,98.42251,97.01023
,,6.288,95.59652,98.42503,97.01077
,,6.278,95.59522,98.42735,97.01129
,,6.267,95.59386,98.42982,97.01184
,,6.258,95.59263,98.4321,97.01236
,,6.247,95.59134,98.43452,97.01293
,,6.238,95.59017,98.43676,97.01346
,,6.228,95.58903,98.43897,97.014
,,6.218,95.58783,98.44132,97.01458
,,6.208,95.58676,98.44349,97.01512
,,6.197,95.58563,98.4458,97.01572
,,6.188,95.58462,98.44792,97.01627
,,6.177,95.58356,98.45018,97.01687
,,6.168,95.58262,98.45226,97.01744
,,6.158,95.5817,98.45431,97.018
,,6.148,95.58075,98.4565,97.01862
,,6.138,95.5799,98.4585,97.0192
,,6.127,95.57901,98.46064,97.01983
,,6.118,95.57823,98.4626,97.02041
,,6.108,95.57748,98.46454,97.02101
,,6.098,95.5767,98.4666,97.02165
,,6.088,95.57601,98.46849,97.02225
,,6.078,95.57531,98.4705,97.0229
,,6.068,95.57469,98.47234,97.02351
,,6.057,95.57406,98.4743,97.02418
,,6.048,95.57351,98.47609,97.0248
,,6.038,95.57299,98.47786,97.02542
,,6.028,95.57246,98.47974,97.0261
,,6.018,95.57201,98.48146,97.02673
,,6.008,95.57159,98.48315,97.02737
,,5.998,95.57118,98.48495,97.02807
,,5.988,95.57083,98.48659,97.02871
,,5.978,95.57049,98.48834,97.02942
,,5.968,95.57021,98.48993,97.03007
,,5.958,95.56997,98.4915,97.03073
,,5.948,95.56974,98.49316,97.03145
,,5.938,95.56956,98.49468,97.03212
,,5.927,95.56941,98.49629,97.03285
,,5.918,95.56931,98.49775,97.03353
,,5.908,95.56924,98.49919,97.03421
,,5.898,95.5692,98.50071,97.03495
,,5.888,95.5692,98.5021,97.03565
,,5.878,95.56923,98.50346,97.03635
,,5.868,95.56931,98.5049,97.0371
,,5.858,95.56941,98.50621,97.03781
,,5.847,95.56956,98.50758,97.03857
,,5.838,95.56974,98.50884,97.03929
,,5.828,95.56995,98.51007,97.04001
,,5.818,95.57022,98.51136,97.04079
,,5.808,95.5705,98.51253,97.04152
,,5.798,95.57082,98.51368,97.04225
,,5.788,95.57121,98.51488,97.04304
,,5.778,95.5716,98.51597,97.04379
,,5.768,95.57202,98.51704,97.04453
,,5.758,95.57252,98.51815,97.04534
,,5.748,95.57302,98.51916,97.04609
,,5.738,95.57356,98.52014,97.04685
,,5.728,95.57417,98.52117,97.04767
,,5.718,95.57478,98.52209,97.04844
,,5.708,95.57543,98.52299,97.04921
,,5.698,95.57616,98.52393,97.05004
,,5.688,95.57688,98.52477,97.05082
,,5.678,95.57763,98.52558,97.05161
,,5.668,95.57848,98.52643,97.05245
,,5.658,95.57931,98.52718,97.05325
,,5.648,95.58018,98.52791,97.05404
,,5.638,95.58115,98.52866,97.0549
,,5.628,95.58208,98.52933,97.05571
,,5.618,95.58306,98.52997,97.05651
,,5.608,95.58414,98.53063,97.05739
,,5.598,95.58519,98.53121,97.0582
,,5.588,95.58627,98.53177,97.05902
,,5.578,95.58748,98.53233,97.05991
,,5.568,95.58864,98.53283,97.06073
,,5.558,95.58983,98.53329,97.06156
,,5.548,95.59116,98.53377,97.06246
,,5.538,95.59243,98.53417,97.0633
,,5.528,95.59373,98.53455,97.06414
,,5.518,95.59518,98.53493,97.06505
,,5.508,95.59655,98.53525,97.0659
,,5.498,95.59797,98.53554,97.06675
,,5.488,95.59942,98.5358,97.06761
,,5.478,95.60102,98.53605,97.06853
,,5.468,95.60255,98.53625,97.0694
,,5.458,95.60411,98.53642,97.07026
,,5.448,95.60583,98.53657,97.0712
,,5.438,95.60746,98.53668,97.07207
,,5.428,95.60913,98.53677,97.07295
,,5.418,95.61097,98.53682,97.0739
,,5.408,95.61272,98.53684,97.07478
,,5.398,95.6145,98.53684,97.07567
,,5.388,95.61632,98.5368,97.07656
,,5.378,95.61831,98.53672,97.07752
,,5.368,95.6202,98.53663,97.07841
,,5.358,95.62213,98.5365,97.07931
,,5.348,95.62424,98.53633,97.08028
,,5.338,95.62624,98.53614,97.08119
,,5.328,95.62828,98.53592,97.0821
,,5.318,95.63035,98.53567,97.08301
,,5.308,95.63262,98.53537,97.08399
,,5.298,95.63476,98.53506,97.08491
,,5.288,95.63694,98.53472,97.08583
,,5.279,95.63915,98.53435,97.08675
,,5.268,95.64158,98.53392,97.08775
,,5.258,95.64386,98.53349,97.08867
,,5.248,95.64618,98.53302,97.0896
,,5.238,95.64872,98.53249,97.09061
,,5.228,95.65112,98.53197,97.09154
,,5.218,95.65354,98.53142,97.09248
,,5.208,95.65601,98.53084,97.09342
,,5.198,95.6587,98.53018,97.09444
,,5.188,95.66123,98.52953,97.09538
,,5.178,95.6638,98.52886,97.09633
,,5.169,95.6664,98.52815,97.09728
,,5.158,95.66924,98.52736,97.0983
,,5.148,95.67192,98.5266,97.09926
,,5.138,95.67462,98.5258,97.10021
,,5.129,95.67736,98.52497,97.10117
,,5.118,95.68035,98.52405,97.1022
,,5.108,95.68316,98.52316,97.10316
,,5.098,95.686,98.52225,97.10413
,,5.089,95.68888,98.5213,97.10509
,,5.078,95.69202,98.52025,97.10613
,,5.068,95.69496,98.51924,97.1071
,,5.058,95.69794,98.5182,97.10807
,,5.049,95.70095,98.51713,97.10904
,,5.038,95.70423,98.51595,97.11009
,,5.028,95.70731,98.51482,97.11107
,,5.018,95.71042,98.51367,97.11204
,,5.009,95.71356,98.51248,97.11302
,,4.998,95.71689,98.5112,97.11404
,,4.988,95.72015,98.50993,97.11504
,,4.978,95.72338,98.50866,97.11602
,,4.968,95.72672,98.50732,97.11702
,,4.958,95.7301,98.50596,97.11803
,,4.948,95.73351,98.50456,97.11903
,,4.938,95.73695,98.50313,97.12004
,,4.928,95.74035,98.5017,97.12103
,,4.918,95.74387,98.50021,97.12204
,,4.908,95.74734,98.49872,97.12303
,,4.898,95.75093,98.49716,97.12404
,,4.889,95.75447,98.49561,97.12504
,,4.878,95.75812,98.49399,97.12606
,,4.868,95.76173,98.49237,97.12705
,,4.858,95.76545,98.49069,97.12807
,,4.848,95.76913,98.48901,97.12907
,,4.838,95.77283,98.48731,97.13007
,,4.829,95.77657,98.48557,97.13107
,,4.818,95.78043,98.48376,97.1321
,,4.808,95.78423,98.48196,97.1331
,,4.798,95.78807,98.48013,97.1341
,,4.788,95.79194,98.47827,97.1351
,,4.778,95.79583,98.47638,97.13611
,,4.768,95.79977,98.47446,97.13711
,,4.758,95.80373,98.47251,97.13812
,,4.749,95.80763,98.47058,97.1391
,,4.739,95.81165,98.46857,97.14011
,,4.729,95.81571,98.46652,97.14112
,,4.718,95.81979,98.46445,97.14212
,,4.709,95.82381,98.4624,97.1431
,,4.699,95.82795,98.46027,97.14411
,,4.688,95.83213,98.45811,97.14512
,,4.679,95.83623,98.45597,97.1461
,,4.668,95.84047,98.45374,97.14711
,,4.659,95.84463,98.45155,97.14809
,,4.648,95.84892,98.44927,97.14909
,,4.639,95.85314,98.44701,97.15007
,,4.628,95.85749,98.44467,97.15108
,,4.619,95.86176,98.44236,97.15206
,,4.609,95.86605,98.44002,97.15303
,,4.599,95.87038,98.43765,97.15401
,,4.588,95.87484,98.43519,97.15501
,,4.579,95.87921,98.43276,97.15599
,,4.569,95.88361,98.43031,97.15696
,,4.559,95.88804,98.42783,97.15793
,,4.549,95.89249,98.42532,97.1589
,,4.539,95.89697,98.42278,97.15987
,,4.529,95.90147,98.42021,97.16084
,,4.519,95.90599,98.41762,97.16181
,,4.509,95.91054,98.415,97.16277
,,4.499,95.91511,98.41236,97.16373
,,4.489,95.91971,98.40968,97.16469
,,4.479,95.92421,98.40705,97.16563
,,4.469,95.92885,98.40432,97.16658
,,4.459,95.93351,98.40157,97.16754
,,4.449,95.93819,98.39879,97.16849
,,4.439,95.94278,98.39605,97.16941
,,4.429,95.9475,98.39322,97.17036
,,4.419,95.95212,98.39043,97.17128
,,4.409,95.95689,98.38754,97.17221
,,4.399,95.96155,98.38471,97.17313
,,4.389,95.96635,98.38177,97.17406
,,4.379,95.97105,98.37888,97.17497
,,4.369,95.97589,98.3759,97.17589
,,4.359,95.98062,98.37297,97.17679
,,4.349,95.98537,98.37001,97.17769
,,4.339,95.99026,98.36695,97.1786
,,4.329,95.99504,98.36394,97.17949
,,4.319,95.99984,98.36091,97.18038
,,4.309,96.00465,98.35786,97.18126
,,4.299,96.00948,98.35478,97.18213
,,4.289,96.01444,98.35161,97.18303
,,4.279,96.0193,98.34849,97.18389
,,4.269,96.02417,98.34534,97.18476
,,4.259,96.02905,98.34218,97.18561
,,4.249,96.03394,98.33899,97.18647
,,4.239,96.03884,98.33578,97.18731
,,4.229,96.04376,98.33255,97.18816
,,4.219,96.04856,98.32939,97.18897
,,4.209,96.05349,98.32612,97.1898
,,4.199,96.05844,98.32282,97.19063
,,4.189,96.06339,98.31951,97.19145
,,4.179,96.06835,98.31618,97.19227
,,4.169,96.07319,98.31291,97.19305
,,4.159,96.07817,98.30954,97.19386
,,4.149,96.08315,98.30615,97.19465
,,4.139,96.08802,98.30283,97.19542
,,4.129,96.09301,98.2994,97.19621
,,4.119,96.09801,98.29596,97.19698
,,4.109,96.10288,98.29258,97.19773
,,4.099,96.10789,98.2891,97.1985
,,4.089,96.11277,98.28569,97.19923
,,4.079,96.11766,98.28226,97.19996
,,4.069,96.12267,98.27873,97.2007
,,4.059,96.12756,98.27527,97.20142
,,4.049,96.13258,98.27171,97.20214
,,4.039,96.13746,98.26822,97.20284
,,4.029,96.14235,98.26471,97.20353
,,4.019,96.14724,98.26119,97.20422
,,4.009,96.15225,98.25757,97.20491
,,3.999,96.15713,98.25402,97.20558
,,3.989,96.16201,98.25046,97.20623
,,3.979,96.16688,98.24688,97.20688
,,3.969,96.17175,98.24329,97.20752
,,3.959,96.17662,98.23969,97.20816
,,3.949,96.18148,98.23608,97.20878
,,3.939,96.18645,98.23236,97.20941
,,3.929,96.1913,98.22872,97.21001
,,3.919,96.19601,98.22517,97.21059
,,3.909,96.20084,98.22151,97.21117
,,3.899,96.20566,98.21784,97.21175
,,3.889,96.21046,98.21416,97.21231
,,3.879,96.21526,98.21047,97.21287
,,3.869,96.22004,98.20677,97.21341
,,3.859,96.22482,98.20307,97.21394
,,3.849,96.22945,98.19945,97.21445
,,3.839,96.2342,98.19572,97.21496
,,3.829,96.23893,98.19199,97.21546
,,3.819,96.24364,98.18825,97.21595
,,3.809,96.24822,98.18461,97.21641
,,3.799,96.2529,98.18085,97.21688
,,3.789,96.25756,98.1771,97.21733
,,3.779,96.26209,98.17343,97.21776
,,3.769,96.26671,98.16966,97.21819
,,3.759,96.2712,98.16599,97.21859
,,3.749,96.27578,98.16221,97.219
,,3.739,96.28022,98.15853,97.21938
,,3.729,96.28476,98.15475,97.21975
,,3.719,96.28916,98.15106,97.22011
,,3.709,96.29364,98.14727,97.22046
,,3.699,96.29799,98.14358,97.22079
,,3.689,96.30232,98.13988,97.2211
,,3.679,96.30672,98.13609,97.22141
,,3.669,96.31099,98.1324,97.2217
,,3.659,96.31523,98.1287,97.22197
,,3.649,96.31944,98.12501,97.22223
,,3.639,96.32374,98.12122,97.22248
,,3.629,96.32788,98.11753,97.22271
,,3.619,96.332,98.11384,97.22292
,,3.609,96.33609,98.11016,97.22312
,,3.599,96.34014,98.10647,97.22331
,,3.589,96.34415,98.1028,97.22348
,,3.579,96.34824,98.09903,97.22363
,,3.569,96.35218,98.09536,97.22377
,,3.559,96.35609,98.09169,97.22389
,,3.549,96.35996,98.08803,97.224
,,3.539,96.36378,98.08438,97.22408
,,3.529,96.36757,98.08074,97.22415
,,3.519,96.37132,98.0771,97.22421
,,3.509,96.37492,98.07357,97.22425
,,3.499,96.37858,98.06995,97.22427
,,3.489,96.3822,98.06634,97.22427
,,3.479,96.38577,98.06274,97.22425
,,3.469,96.38929,98.05915,97.22422
,,3.459,96.39276,98.05557,97.22417
,,3.449,96.3961,98.0521,97.2241
,,3.439,96.39948,98.04854,97.22401
,,3.429,96.4028,98.045,97.2239
,,3.419,96.40608,98.04147,97.22378
,,3.409,96.40921,98.03805,97.22363
,,3.399,96.41238,98.03455,97.22347
,,3.389,96.41549,98.03107,97.22328
,,3.379,96.41847,98.02769,97.22308
,,3.369,96.42147,98.02424,97.22286
,,3.359,96.42433,98.0209,97.22262
,,3.349,96.42721,98.01749,97.22235
,,3.339,96.43003,98.01409,97.22206
,,3.329,96.43271,98.0108,97.22176
,,3.319,96.43541,98.00744,97.22143
,,3.309,96.43797,98.0042,97.22108
,,3.299,96.44047,98.00097,97.22072
,,3.289,96.44296,97.99767,97.22032
,,3.279,96.44533,97.99449,97.21991
,,3.269,96.44769,97.99124,97.21947
,,3.259,96.44992,97.98811,97.21901
,,3.249,96.45208,97.98499,97.21854
,,3.239,96.45423,97.98182,97.21803
,,3.229,96.45625,97.97876,97.2175
,,3.219,96.4582,97.97572,97.21696
,,3.209,96.46012,97.97263,97.21637
,,3.199,96.46191,97.96965,97.21578
,,3.189,96.46363,97.9667,97.21516
,,3.179,96.46527,97.96377,97.21452
,,3.169,96.46683,97.96088,97.21386
,,3.159,96.46835,97.95794,97.21315
,,3.149,96.46975,97.95511,97.21243
,,3.139,96.47107,97.95231,97.21169
,,3.129,96.4723,97.94954,97.21092
,,3.119,96.47344,97.94681,97.21013
,,3.109,96.4745,97.94411,97.20931
,,3.099,96.47547,97.94145,97.20846
,,3.089,96.47635,97.93883,97.20759
,,3.079,96.47714,97.93624,97.20669
,,3.069,96.47784,97.93369,97.20576
,,3.059,96.47844,97.93117,97.20481
,,3.049,96.47895,97.9287,97.20382
,,3.039,96.47936,97.92627,97.20281
,,3.029,96.47967,97.92388,97.20177
,,3.019,96.47988,97.92153,97.20071
,,3.009,96.48,97.91922,97.19961
,,3.000,96.48001,97.91702,97.19851
,,2.990,96.47992,97.9148,97.19736
,,2.980,96.47972,97.91263,97.19617
,,2.969,96.47942,97.9105,97.19496
,,2.959,96.479,97.90842,97.19371
,,2.949,96.47848,97.90639,97.19243
,,2.940,96.47787,97.90446,97.19116
,,2.929,96.47712,97.90252,97.18982
,,2.919,96.47627,97.90064,97.18845
,,2.910,96.47532,97.89886,97.18709
,,2.900,96.47423,97.89707,97.18565
,,2.889,96.47302,97.89535,97.18419
,,2.880,96.47173,97.89372,97.18273
,,2.870,96.47028,97.8921,97.18119
,,2.859,96.46871,97.89054,97.17963
,,2.850,96.46706,97.88908,97.17807
,,2.839,96.46524,97.88763,97.17644
,,2.830,96.46334,97.88629,97.17481
,,2.820,96.46126,97.88496,97.17311
,,2.810,96.45911,97.88373,97.17142
,,2.800,96.45677,97.88252,97.16965
,,2.790,96.45437,97.88141,97.16789
,,2.780,96.45176,97.88033,97.16604
,,2.770,96.44908,97.87935,97.16421
,,2.760,96.44619,97.8784,97.1623
,,2.750,96.44325,97.87754,97.1604
,,2.739,96.44008,97.87673,97.1584
,,2.730,96.43685,97.87601,97.15643
,,2.720,96.63349,97.87535,97.25442
,,2.710,96.82988,97.87475,97.35232
,,2.700,97.02623,97.87423,97.45023
,,2.690,97.02243,97.87379,97.44811
,,2.680,97.11837,97.8734,97.49589
,,2.670,97.21428,97.8731,97.54369
,,2.660,97.31003,97.87287,97.59145
,,2.650,97.4055,97.87272,97.63911
,,2.640,97.50094,97.87264,97.68679
,,2.630,97.69623,98.07265,97.88444
,,2.620,97.79136,98.17273,97.98204
,,2.610,97.88632,98.27289,98.07961
,,2.600,98.06346,98.36009,98.21178
,,2.590,98.73482,98.57282,98.65382
,,2.580,98.20099,98.58532,98.39315
,,2.570,98.69719,98.30149,98.49934
,,2.560,98.6955,98.68619,98.69085
,,2.550,98.58884,98.45181,98.52033
,,2.540,98.43017,98.53231,98.48124
,,2.530,98.55853,98.52181,98.54017
,,2.520,98.43501,98.3552,98.39511
,,2.510,98.52062,98.50821,98.51442
,,2.500,98.64565,98.49253,98.56909
,,2.490,98.63718,98.45775,98.54746
,,2.480,98.66127,98.56028,98.61078
,,2.470,98.76154,98.5695,98.66552
,,2.460,98.73711,98.60223,98.66967
,,2.450,98.72145,98.81712,98.76928
,,2.440,98.90309,98.70989,98.80649
,,2.430,98.81293,98.80337,98.80815
,,2.420,98.72589,98.73598,98.73094
,,2.410,98.80868,98.82251,98.8156
,,2.400,98.9666,98.74196,98.85428
,,2.390,98.85378,98.80638,98.83008
,,2.380,98.86929,98.69938,98.78434
,,2.370,98.87669,98.72512,98.80091
,,2.360,98.80721,98.62026,98.71373
,,2.350,98.41864,98.57791,98.49827
,,2.340,98.46554,98.53764,98.50159
,,2.330,98.63223,98.57548,98.60385
,,2.320,98.69732,98.55628,98.6268
,,2.310,98.76224,98.55576,98.659
,,2.300,98.58428,98.58432,98.5843
,,2.290,98.55368,98.48671,98.52019
,,2.280,98.51393,98.56025,98.53709
,,2.270,98.50096,98.65167,98.57631
,,2.260,98.6145,98.64031,98.62741
,,2.250,98.52396,98.79283,98.6584
,,2.240,98.54735,98.78723,98.66729
,,2.230,98.57026,98.71613,98.64319
,,2.220,98.63797,98.70788,98.67292
,,2.210,98.59547,98.57237,98.58392
,,2.200,98.63975,98.58565,98.6127
,,2.190,98.63203,97.00018,97.8161
,,2.180,98.59442,97.50858,98.0515
,,2.170,98.47732,98.47564,98.47648
,,2.160,98.52055,98.44078,98.48066
,,2.150,98.46072,98.37002,98.41537
,,2.140,98.40325,98.42218,98.41272
,,2.130,98.35768,98.41819,98.38794
,,2.120,98.38905,98.42141,98.40523
,,2.110,98.43465,98.48284,98.45875
,,2.100,98.47455,98.50381,98.48918
,,2.090,98.46705,98.54874,98.50789
,,2.080,98.56793,98.57452,98.57123
,,2.070,98.57325,98.62927,98.60126
,,2.060,98.62673,98.64598,98.63635
,,2.050,98.66325,98.61001,98.63663
,,2.040,98.714,98.64101,98.67751
,,2.030,98.72388,98.59691,98.66039
,,2.020,98.70803,98.57775,98.64289
,,2.010,98.63794,98.5754,98.60667
,,2.000,98.57906,98.56548,98.57227
,,1.990,98.55673,98.57883,98.56778
,,1.980,98.50413,98.55367,98.5289
,,1.970,98.47771,98.5654,98.52156
,,1.960,98.50812,98.52512,98.51662
,,1.950,98.54338,98.51188,98.52763
,,1.940,98.56563,98.51288,98.53926
,,1.930,98.57415,98.53642,98.55528
,,1.920,98.60789,98.53998,98.57394
,,1.910,98.55272,98.54854,98.55063
,,1.900,98.58782,98.51273,98.55027
,,1.890,98.57528,98.46986,98.52257
,,1.880,98.58769,98.39458,98.49114
,,1.870,98.50664,98.41219,98.45942
,,1.860,98.4987,98.3654,98.43205
,,1.850,98.4787,98.34677,98.41274
,,1.840,98.39891,98.31142,98.35516
,,1.830,98.36401,98.35029,98.35715
,,1.820,98.40849,98.35508,98.38179
,,1.810,98.42524,98.33818,98.38171
,,1.800,98.46957,98.32098,98.39527
,,1.790,98.53583,98.29929,98.41756
,,1.780,98.57227,98.26129,98.41678
,,1.770,98.59729,98.28487,98.44108
,,1.760,98.56347,98.31393,98.4387
,,1.750,98.55988,98.32458,98.44223
,,1.740,98.54731,98.32594,98.43662
,,1.730,98.5365,98.33622,98.43636
,,1.720,98.48854,98.32576,98.40715
,,1.710,98.47076,98.3226,98.39668
,,1.700,98.45209,98.34132,98.3967
,,1.690,98.44427,98.32062,98.38245
,,1.680,98.44325,98.32251,98.38288
,,1.670,98.44954,98.32049,98.38501
,,1.660,98.47363,98.28869,98.38116
,,1.650,98.43205,98.25945,98.34575
,,1.640,98.39728,98.24217,98.31972
,,1.630,98.39291,98.23945,98.31618
,,1.620,98.35931,98.22043,98.28987
,,1.610,98.34758,98.19051,98.26905
,,1.600,98.30332,98.18469,98.244
,,1.590,98.27105,98.17387,98.22246
,,1.580,98.28482,98.13193,98.20838
,,1.570,98.29354,98.12931,98.21143
,,1.560,98.29812,98.11129,98.20471
,,1.550,98.28465,98.072,98.17832
,,1.540,98.25445,98.06073,98.15759
,,1.530,98.22259,98.10569,98.16414
,,1.520,98.20814,98.13326,98.1707
,,1.510,98.18479,98.15574,98.17027
,,1.500,98.22917,98.14369,98.18643
,,1.490,98.24059,98.12401,98.1823
,,1.480,98.20108,98.07839,98.13973
,,1.470,98.17228,98.08804,98.13016
,,1.460,98.15983,98.11382,98.13683
,,1.450,98.11682,98.09139,98.10411
,,1.440,98.07933,98.04281,98.06107
,,1.430,98.09392,98.04495,98.06944
,,1.420,98.09379,98.03578,98.06479
,,1.410,98.07427,98.02013,98.0472
,,1.400,98.06218,97.98463,98.0234
,,1.390,98.0539,97.95424,98.00407
,,1.380,97.95593,97.93429,97.94511
,,1.370,97.93941,97.94683,97.94312
,,1.360,97.86187,98.00267,97.93227
,,1.350,97.83329,97.99935,97.91632
,,1.340,97.90827,97.90385,97.90606
,,1.330,97.93396,97.85997,97.89696
,,1.320,97.91845,97.83583,97.87714
,,1.310,97.85813,97.82265,97.84039
,,1.300,97.87611,97.79392,97.83501
,,1.290,97.92503,97.73861,97.83182
,,1.280,97.92524,97.66234,97.79379
,,1.270,97.86921,97.60149,97.73535
,,1.260,97.82227,97.60114,97.7117
,,1.250,97.80865,97.57341,97.69103
,,1.240,97.7896,97.54818,97.66889
,,1.230,97.77841,97.53635,97.65738
,,1.220,97.76305,97.49528,97.62917
,,1.210,97.80339,97.43476,97.61907
,,1.200,97.76344,97.38948,97.57646
,,1.190,97.68165,97.44339,97.56252
,,1.180,97.64678,97.44659,97.54668
,,1.170,97.62367,97.37508,97.49938
,,1.160,97.58276,97.32263,97.45269
,,1.150,97.5342,97.28184,97.40802
,,1.140,97.46977,97.27235,97.37106
,,1.130,97.43995,97.25603,97.34799
,,1.120,97.4043,97.22327,97.31379
,,1.110,97.3796,97.17654,97.27807
,,1.100,97.34651,97.14424,97.24537
,,1.090,97.28752,97.14751,97.21751
,,1.080,97.26189,97.13564,97.19876
,,1.070,97.26052,97.11361,97.18706
,,1.060,97.2183,97.07075,97.14452
,,1.050,97.14974,97.03199,97.09087
,,1.040,97.13628,96.99116,97.06372
,,1.030,97.13276,96.94377,97.03826
,,1.020,97.11844,96.8902,97.00432
,,1.010,97.10133,96.85566,96.97849
,,1.000,97.07993,96.83414,96.95703
,,0.990,97.07731,96.80249,96.9399
,,0.980,97.07703,96.72581,96.90142
,,0.970,97.07474,96.66328,96.86901
,,0.960,97.05852,96.59718,96.82785
,,0.950,97.03023,96.55211,96.79117
,,0.940,97.01491,96.53442,96.77466
,,0.930,97.00567,96.4872,96.74643
,,0.920,97.00908,96.46752,96.7383
,,0.910,96.96711,96.49979,96.73345
,,0.900,96.94095,96.48946,96.7152
,,0.890,96.92137,96.48994,96.70566
,,0.880,95.04048,96.34826,95.69437
,,0.870,96.08434,96.71015,96.39724
,,0.860,96.70821,96.97457,96.84139
,,0.850,97.25791,96.25251,96.75521
,,0.840,97.37526,96.55875,96.96701
,,0.830,97.32112,96.48058,96.90085
,,0.820,97.24102,96.82422,97.03262
,,0.810,97.21241,96.35014,96.78127
,,0.800,97.29023,96.28141,96.78582
,,0.790,98.60154,98.69986,98.6507
,,0.780,98.40088,98.02648,98.21368
,,0.770,98.30524,98.157,98.23112
,,0.760,98.14396,98.18571,98.16483
,,0.750,98.23125,98.19206,98.21165
,,0.740,99.14612,98.25601,98.70107
,,0.730,97.69639,98.35719,98.02679
,,0.720,97.73691,98.39331,98.06511
,,0.710,97.37298,98.51822,97.9456
,,0.700,97.89671,98.57304,98.23487
,,0.690,97.93254,98.82768,98.38011
,,0.680,97.42922,98.80269,98.11596
,,0.670,97.75796,98.8246,98.29128
,,0.660,98.54887,98.83375,98.69131
,,0.650,99.21873,98.95002,99.08437
,,0.640,99.27014,99.0164,99.14327
,,0.630,99.56172,99.06791,99.31481
,,0.620,99.39373,99.17072,99.28222
,,0.610,98.56721,99.28826,98.92773
,,0.600,97.91456,99.35303,98.63379
,,0.590,98.05155,99.39415,98.72285
,,0.580,98.16984,99.45183,98.81083
,,0.570,98.31504,99.47723,98.89613
,,0.560,98.46285,99.4879,98.97537
,,0.550,98.926,99.8855,99.40575
,,0.540,98.99477,99.18264,99.08871
,,0.530,99.02479,98.61501,98.8199
,,0.520,99.1101,98.50483,98.80747
,,0.510,99.02028,99.34973,99.185
,,0.500,98.83322,99.06609,98.94966
,,0.490,98.76507,99.88956,99.32731
,,0.480,99.52399,99.82208,99.67304
,,0.470,99.42106,99.66113,99.54109
,,0.460,99.11257,99.29596,99.20426
,,0.450,98.70445,98.82099,98.76272
,,0.440,98.06276,98.34204,98.2024
,,0.430,97.11891,97.3641,97.2415
,,0.420,95.41544,95.7615,95.58847
,,0.410,93.05981,93.46905,93.26443
,,0.400,90.67109,91.27829,90.97469
,,0.390,89.4774,90.2075,89.84245
,,0.380,89.44605,90.14486,89.79546
,,0.370,89.16559,90.2772,89.7214
,,0.360,87.63714,89.31639,88.47677
,,0.350,81.46199,83.534,82.498
,,0.340,60.14416,62.25406,61.19911
,,0.330,11.22492,11.58212,11.40352
,,0.320,11.78924,12.21093,12.00009
,,0.310,16.29677,17.16041,16.72859
,,0.300,14.48436,15.42593,14.95514
